feature,importance
CHL_COMP_SPD_CTRL_1,0.98198646
CHL_SWCD_TEMP_1,0.013559865
CDWL_SW_TEMP,0.0021259089
CHL_RWCD_TEMP_1,0.0013495339
CHL_RW_TEMP_2,0.00035342845
CHL_SWCD_TEMP_3,0.00018402451
CHL_SW_TEMP_2,0.0001749713
CHL_SWCD_TEMP_2,0.00013407077
CHL_RW_TEMP_3,0.00010363782
CHL_SW_TEMP_3,2.8056595e-05
